created_at,delivery_fees,reduction,total_ht,total_ttc,vat,quantity,revenue,total,month,year,week
2024-09-01,0.0,529.982,1507.916,1279.5172000000002,-228.39879999999988,12,1507.916,1279.5172000000002,88,22264,385
